topic_number,topic_name,number_of_content_items
-1,Outliers,151
0,Consular Assistance for British Nationals,221
1,FCDO Service Provider Liability Disclaimer,188
2,Support for Sexual Assault Victims,157
3,Death procedures for foreign nationals,136
4,Prisoner Rights and Procedures,106
5,Assistive Technology Document Accessibility,38
6,Work Visa Application Process,29
7,Provisional Overseas Travel Statistics,29
8,Mental Health Support Abroad,23
9,Medical Facilities for British Nationals,20
10,UK Nationals' Rights in Greece,12
